Product_Name,revenue
Lebron 20,849437.46
React Infinity,841681.07
Air Jordan,806253.5699999997
Superrep Go,794485.5299999999
Dunk Low,768901.2800000001
Flex Trainer,744862.7600000006
Air Force 1,726632.6000000002
Blazer Mid,724812.4099999999
Zoomx Invincible,705165.9699999999
Zoom Freak,704799.4899999999
