Region,revenue,profit
Kolkata,2335982.14,434333.1700000001
Mumbai,2275328.809999999,429470.6300000003
Delhi,2265039.2200000007,380101.23000000016
Bengaluru,2219631.6199999996,431277.98000000016
Hyderabad,2163654.5099999984,386858.69999999943
Pune,2153600.1699999995,389948.6799999998
